{"inputUnits":[34],"outputUnits":3,"inputs":{"0":{"dtype":"number","min":537.0300435463279,"max":756.7710051184034},"1":{"dtype":"number","min":151.73667106183126,"max":351.019934272024},"2":{"dtype":"number","min":546.2867766502767,"max":754.4835143330496},"3":{"dtype":"number","min":143.84806948413183,"max":339.1899221694887},"4":{"dtype":"number","min":528.2629940760274,"max":744.5061757128526},"5":{"dtype":"number","min":143.16546132128525,"max":344.0547174238509},"6":{"dtype":"number","min":566.8481902482445,"max":763.2020657906736},"7":{"dtype":"number","min":145.96665438047182,"max":344.1815589281372},"8":{"dtype":"number","min":515.3835525215832,"max":717.5973236514436},"9":{"dtype":"number","min":148.81587759530032,"max":350.4011066600043},"10":{"dtype":"number","min":586.0651370987354,"max":791.3604558209964},"11":{"dtype":"number","min":212.6265458281402,"max":385.7675776500182},"12":{"dtype":"number","min":510.45753093081225,"max":690.5710301974405},"13":{"dtype":"number","min":206.76397776325388,"max":381.6565083900779},"14":{"dtype":"number","min":619.2510653840893,"max":808.1507582608828},"15":{"dtype":"number","min":274.95679565904675,"max":449.3633380103204},"16":{"dtype":"number","min":472.57875731946893,"max":671.4356133724465},"17":{"dtype":"number","min":294.48727975095755,"max":444.3880311246048},"18":{"dtype":"number","min":621.7295297110591,"max":827.4390455906494},"19":{"dtype":"number","min":268.69327886559154,"max":464.05753644060064},"20":{"dtype":"number","min":469.9808665472246,"max":671.1591169899076},"21":{"dtype":"number","min":285.370963723743,"max":470.3670849039397},"22":{"dtype":"number","min":582.9561036106213,"max":766.3907418455132},"23":{"dtype":"number","min":380.58797517175344,"max":490.18018433092175},"24":{"dtype":"number","min":522.8546403818093,"max":702.1376221653088},"25":{"dtype":"number","min":379.3071298562136,"max":490.463335207928},"26":{"dtype":"number","min":579.4726087518239,"max":774.1942005676982},"27":{"dtype":"number","min":466.8461876063959,"max":544.7251803030764},"28":{"dtype":"number","min":521.6301255281797,"max":706.3520165825632},"29":{"dtype":"number","min":460.9931346136309,"max":541.5723297475377},"30":{"dtype":"number","min":579.3755913522921,"max":771.3142412831347},"31":{"dtype":"number","min":558.1813209622751,"max":653.218642654122},"32":{"dtype":"number","min":518.1617564635518,"max":708.5151221130609},"33":{"dtype":"number","min":535.9053199857126,"max":660.049227109679}},"outputs":{"0":{"dtype":"string","min":0,"max":1,"uniqueValues":["UP","DOWN","MIDDLE"],"legend":{"UP":[1,0,0],"DOWN":[0,1,0],"MIDDLE":[0,0,1]}}},"isNormalized":true}